benchmark,source_path,instance_id,step_t,gold_action,gold_artifact,released_message_tokens,released_hit_joint,released_message_truncated,released_total_input_tokens,sample_mode
ContextBench,data/contextbench/qwen-ma-9B-from-80B.jsonl,SWE-Bench-Verified__python__maintenance__bugfix__e5a3bf2a,19,edit,astropy/io/fits/column.py,128,False,True,33860,hard
ContextBench,data/contextbench/qwen-ma-9B-from-80B.jsonl,SWE-Bench-Verified__python__maintenance__bugfix__91fb680f,19,edit,django/db/models/query.py,128,False,True,30703,hard
ContextBench,data/contextbench/qwen-ma-9B-from-80B.jsonl,SWE-Bench-Verified__python__maintenance__bugfix__deb49033,19,edit,astropy/coordinates/attributes.py,128,False,True,29648,hard
ContextBench,data/contextbench/qwen-ma-9B-from-80B.jsonl,SWE-Bench-Verified__python__maintenance__bugfix__bfcf7192,19,edit,astropy/units/quantity.py,128,False,True,28762,hard
ContextBench,data/contextbench/qwen-ma-9B-from-80B.jsonl,SWE-Bench-Verified__python__maintenance__bugfix__9a05fe0c,19,edit,django/db/models/base.py,128,False,True,27854,hard
ContextBench,data/contextbench/qwen-ma-9B-from-80B.jsonl,SWE-Bench-Verified__python__maintenance__bugfix__27a40875,7,edit,astropy/utils/misc.py,128,False,True,11527,hard
ContextBench,data/contextbench/qwen-ma-9B-from-80B.jsonl,SWE-Bench-Verified__python__maintenance__bugfix__65c16426,19,edit,astropy/utils/introspection.py,128,True,True,34671,hard
ContextBench,data/contextbench/qwen-ma-9B-from-80B.jsonl,SWE-Bench-Verified__python__maintenance__bugfix__88e3486b,19,edit,astropy/io/ascii/qdp.py,128,True,True,34050,hard
ContextBench,data/contextbench/qwen-ma-9B-from-80B.jsonl,SWE-Bench-Verified__python__maintenance__bugfix__08563070,19,edit,django/db/models/deletion.py,128,True,True,32194,hard
ContextBench,data/contextbench/qwen-ma-9B-from-80B.jsonl,SWE-Bench-Verified__python__maintenance__bugfix__3b78a79f,19,edit,astropy/io/fits/connect.py,128,True,True,31893,hard
ContextBench,data/contextbench/qwen-ma-9B-from-80B.jsonl,SWE-Bench-Verified__python__maintenance__bugfix__3185b834,19,edit,astropy/io/fits/card.py,128,True,True,31877,hard
ContextBench,data/contextbench/qwen-ma-9B-from-80B.jsonl,SWE-Bench-Verified__python__maintenance__bugfix__8adb3e00,19,edit,astropy/modeling/separable.py,128,True,True,31433,hard
ContextBench,data/contextbench/qwen-ma-9B-from-80B.jsonl,SWE-Bench-Verified__python__maintenance__bugfix__71f348da,19,edit,astropy/wcs/wcsapi/wrappers/sliced_wcs.py,128,True,True,30770,hard
ContextBench,data/contextbench/qwen-ma-9B-from-80B.jsonl,SWE-Bench-Verified__python__maintenance__bugfix__1d90db61,19,edit,astropy/coordinates/sky_coordinate.py,128,True,True,30259,hard
ContextBench,data/contextbench/qwen-ma-9B-from-80B.jsonl,SWE-Bench-Verified__python__maintenance__bugfix__1a760e52,19,edit,django/contrib/auth/validators.py,128,True,True,29633,hard
ContextBench,data/contextbench/qwen-ma-9B-from-80B.jsonl,SWE-Bench-Verified__python__maintenance__bugfix__6ed8d38b,19,edit,astropy/table/table.py,128,True,True,29478,hard
ContextBench,data/contextbench/qwen-ma-9B-from-80B.jsonl,SWE-Bench-Verified__python__maintenance__bugfix__958ed1fd,19,edit,astropy/io/ascii/html.py,128,True,True,29465,hard
ContextBench,data/contextbench/qwen-ma-9B-from-80B.jsonl,SWE-Bench-Verified__python__maintenance__bugfix__93721db4,19,edit,django/db/models/aggregates.py,128,True,True,28836,hard
ContextBench,data/contextbench/qwen-ma-9B-from-80B.jsonl,SWE-Bench-Verified__python__maintenance__bugfix__881a2517,19,edit,astropy/units/decorators.py,128,True,True,28442,hard
ContextBench,data/contextbench/qwen-ma-9B-from-80B.jsonl,SWE-Bench-Verified__python__maintenance__bugfix__8fdc33d5,19,edit,django/http/response.py,128,True,True,28157,hard
ToolSandbox,data/toolsandbox/qwen-ma-9B-from-80B.jsonl,modify_contact_with_message_recency,2,run_test,search_messages,128,False,True,4320,hard
ToolSandbox,data/toolsandbox/qwen-ma-9B-from-80B.jsonl,find_temperature,2,run_test,search_weather_around_lat_lon,128,False,True,3994,hard
ToolSandbox,data/toolsandbox/qwen-ma-9B-from-80B.jsonl,search_phone_number_with_name,1,run_test,search_contacts,128,False,True,2422,hard
ToolSandbox,data/toolsandbox/qwen-ma-9B-from-80B.jsonl,search_message_with_recency_latest_alt,2,run_test,search_messages,128,False,False,4000,hard
ToolSandbox,data/toolsandbox/qwen-ma-9B-from-80B.jsonl,search_message_with_recency_oldest_alt,2,run_test,search_messages,126,False,False,4004,hard
ToolSandbox,data/toolsandbox/qwen-ma-9B-from-80B.jsonl,search_relationship_with_phone_number,1,run_test,search_contacts,120,False,False,2552,hard
ToolSandbox,data/toolsandbox/qwen-ma-9B-from-80B.jsonl,find_thanksgiving_timestamp,1,run_test,search_holiday,119,False,False,2388,hard
ToolSandbox,data/toolsandbox/qwen-ma-9B-from-80B.jsonl,search_message_with_recency_latest,2,run_test,search_messages,118,False,False,4058,hard
ToolSandbox,data/toolsandbox/qwen-ma-9B-from-80B.jsonl,search_sender_phone_number_with_content,1,run_test,search_messages,116,False,False,2375,hard
ToolSandbox,data/toolsandbox/qwen-ma-9B-from-80B.jsonl,get_wifi,2,run_test,get_wifi_status,115,False,False,3651,hard
ToolSandbox,data/toolsandbox/qwen-ma-9B-from-80B.jsonl,search_message_with_recency_oldest,1,run_test,search_messages,114,False,False,2503,hard
ToolSandbox,data/toolsandbox/qwen-ma-9B-from-80B.jsonl,update_contact_with_id_and_phone_number,1,run_test,modify_contact,108,False,False,2326,hard
ToolSandbox,data/toolsandbox/qwen-ma-9B-from-80B.jsonl,get_cellular,1,run_test,get_cellular_service_status,107,False,False,2379,hard
ToolSandbox,data/toolsandbox/qwen-ma-9B-from-80B.jsonl,convert_currency,2,run_test,convert_currency,103,False,False,3774,hard
ToolSandbox,data/toolsandbox/qwen-ma-9B-from-80B.jsonl,search_name_with_relationship,1,run_test,search_contacts,92,False,False,2358,hard
ToolSandbox,data/toolsandbox/qwen-ma-9B-from-80B.jsonl,find_phone_number_with_location_name,2,run_test,search_location_around_lat_lon,128,True,True,3940,hard
ToolSandbox,data/toolsandbox/qwen-ma-9B-from-80B.jsonl,wifi_off,1,run_test,set_wifi_status,128,True,True,2381,hard
ToolSandbox,data/toolsandbox/qwen-ma-9B-from-80B.jsonl,add_contact_with_name_and_phone_number,0,run_test,add_contact,128,True,False,1261,hard
ToolSandbox,data/toolsandbox/qwen-ma-9B-from-80B.jsonl,find_stock_symbol_with_company_name,1,run_test,search_stock,126,True,False,2427,hard
ToolSandbox,data/toolsandbox/qwen-ma-9B-from-80B.jsonl,cellular_off,2,run_test,set_cellular_service_status,125,True,False,3889,hard
